time,position,velocity,energy
0.01, 1.58, 0.9843, 3.46525
0.02, 1.58984, 0.9685, 3.46559
0.03, 1.59953, 0.952602, 3.46594
0.04, 1.60905, 0.936606, 3.46629
0.05, 1.61842, 0.920516, 3.46663
0.06, 1.62763, 0.904332, 3.46698
0.07, 1.63667, 0.888055, 3.46733
0.08, 1.64555, 0.871689, 3.46767
0.09, 1.65427, 0.855233, 3.46802
0.1, 1.66282, 0.83869, 3.46837
0.11, 1.67121, 0.822062, 3.46871
0.12, 1.67943, 0.80535, 3.46906
0.13, 1.68748, 0.788556, 3.46941
0.14, 1.69536, 0.771681, 3.46975
0.15, 1.70308, 0.754728, 3.4701
0.16, 1.71063, 0.737697, 3.47045
0.17, 1.71801, 0.72059, 3.4708
0.18, 1.72521, 0.70341, 3.47114
0.19, 1.73225, 0.686158, 3.47149
0.2, 1.73911, 0.668836, 3.47184
0.21, 1.7458, 0.651445, 3.47218
0.22, 1.75231, 0.633987, 3.47253
0.23, 1.75865, 0.616464, 3.47288
0.24, 1.76481, 0.598877, 3.47323
0.25, 1.7708, 0.581229, 3.47357
0.26, 1.77662, 0.563521, 3.47392
0.27, 1.78225, 0.545755, 3.47427
0.28, 1.78771, 0.527932, 3.47461
0.29, 1.79299, 0.510055, 3.47496
0.3, 1.79809, 0.492125, 3.47531
0.31, 1.80301, 0.474144, 3.47566
0.32, 1.80775, 0.456114, 3.476
0.33, 1.81231, 0.438037, 3.47635
0.34, 1.81669, 0.419914, 3.4767
0.35, 1.82089, 0.401747, 3.47705
0.36, 1.82491, 0.383538, 3.4774
0.37, 1.82874, 0.365289, 3.47774
0.38, 1.8324, 0.347001, 3.47809
0.39, 1.83587, 0.328677, 3.47844
0.4, 1.83915, 0.310319, 3.47879
0.41, 1.84226, 0.291927, 3.47913
0.42, 1.84518, 0.273505, 3.47948
0.43, 1.84791, 0.255053, 3.47983
0.44, 1.85046, 0.236574, 3.48018
0.45, 1.85283, 0.218069, 3.48053
0.46, 1.85501, 0.199541, 3.48087
0.47, 1.857, 0.180991, 3.48122
0.48, 1.85881, 0.162421, 3.48157
0.49, 1.86044, 0.143832, 3.48192
0.5, 1.86188, 0.125228, 3.48227
0.51, 1.86313, 0.106609, 3.48262
0.52, 1.8642, 0.087978, 3.48296
0.53, 1.86507, 0.0693361, 3.48331
0.54, 1.86577, 0.0506853, 3.48366
0.55, 1.86628, 0.0320276, 3.48401
0.56, 1.8666, 0.0133649, 3.48436
0.57, 1.86673, -0.00530106, 3.48471
0.58, 1.86668, -0.0239684, 3.48505
0.59, 1.86644, -0.0426351, 3.4854
0.6, 1.86601, -0.0612995, 3.48575
0.61, 1.8654, -0.0799596, 3.4861
0.62, 1.8646, -0.0986135, 3.48645
0.63, 1.86361, -0.11726, 3.4868
0.64, 1.86244, -0.135896, 3.48715
0.65, 1.86108, -0.15452, 3.48749
0.66, 1.85953, -0.173131, 3.48784
0.67, 1.8578, -0.191726, 3.48819
0.68, 1.85589, -0.210304, 3.48854
0.69, 1.85378, -0.228863, 3.48889
0.7, 1.85149, -0.247401, 3.48924
0.71, 1.84902, -0.265916, 3.48959
0.72, 1.84636, -0.284406, 3.48994
0.73, 1.84352, -0.30287, 3.49029
0.74, 1.84049, -0.321305, 3.49063
0.75, 1.83728, -0.33971, 3.49098
0.76, 1.83388, -0.358082, 3.49133
0.77, 1.8303, -0.376421, 3.49168
0.78, 1.82653, -0.394724, 3.49203
0.79, 1.82259, -0.41299, 3.49238
0.8, 1.81846, -0.431215, 3.49273
0.81, 1.81414, -0.4494, 3.49308
0.82, 1.80965, -0.467541, 3.49343
0.83, 1.80497, -0.485638, 3.49378
0.84, 1.80012, -0.503688, 3.49413
0.85, 1.79508, -0.521689, 3.49448
0.86, 1.78986, -0.53964, 3.49483
0.87, 1.78447, -0.557538, 3.49517
0.88, 1.77889, -0.575383, 3.49552
0.89, 1.77314, -0.593172, 3.49587
0.9, 1.76721, -0.610903, 3.49622
0.91, 1.7611, -0.628575, 3.49657
0.92, 1.75481, -0.646186, 3.49692
0.93, 1.74835, -0.663734, 3.49727
0.94, 1.74171, -0.681218, 3.49762
0.95, 1.7349, -0.698635, 3.49797
0.96, 1.72791, -0.715984, 3.49832
0.97, 1.72075, -0.733263, 3.49867
0.98, 1.71342, -0.750471, 3.49902
0.99, 1.70592, -0.767605, 3.49937
1, 1.69824, -0.784664, 3.49972
1.01, 1.69039, -0.801647, 3.50007
1.02, 1.68238, -0.818551, 3.50042
1.03, 1.67419, -0.835374, 3.50077
1.04, 1.66584, -0.852116, 3.50112
1.05, 1.65732, -0.868775, 3.50147
1.06, 1.64863, -0.885348, 3.50182
1.07, 1.63978, -0.901834, 3.50217
1.08, 1.63076, -0.918232, 3.50252
1.09, 1.62158, -0.934539, 3.50287
1.1, 1.61223, -0.950755, 3.50322
1.11, 1.60272, -0.966877, 3.50357
1.12, 1.59305, -0.982905, 3.50392
1.13, 1.58323, -0.998835, 3.50427
1.14, 1.57324, -1.01467, 3.50462
1.15, 1.56309, -1.0304, 3.50497
1.16, 1.55279, -1.04603, 3.50532
1.17, 1.54233, -1.06156, 3.50568
1.18, 1.53171, -1.07698, 3.50603
1.19, 1.52094, -1.0923, 3.50638
1.2, 1.51002, -1.10751, 3.50673
1.21, 1.49894, -1.12261, 3.50708
1.22, 1.48772, -1.1376, 3.50743
1.23, 1.47634, -1.15248, 3.50778
1.24, 1.46482, -1.16724, 3.50813
1.25, 1.45314, -1.18189, 3.50848
1.26, 1.44132, -1.19642, 3.50883
1.27, 1.42936, -1.21083, 3.50918
1.28, 1.41725, -1.22512, 3.50953
1.29, 1.405, -1.2393, 3.50988
1.3, 1.39261, -1.25335, 3.51024
1.31, 1.38007, -1.26727, 3.51059
1.32, 1.3674, -1.28107, 3.51094
1.33, 1.35459, -1.29475, 3.51129
1.34, 1.34164, -1.30829, 3.51164
1.35, 1.32856, -1.32171, 3.51199
1.36, 1.31534, -1.335, 3.51234
1.37, 1.30199, -1.34815, 3.51269
1.38, 1.28851, -1.36117, 3.51304
1.39, 1.2749, -1.37405, 3.5134
1.4, 1.26116, -1.3868, 3.51375
1.41, 1.24729, -1.39942, 3.5141
1.42, 1.2333, -1.41189, 3.51445
1.43, 1.21918, -1.42422, 3.5148
1.44, 1.20494, -1.43641, 3.51515
1.45, 1.19057, -1.44846, 3.5155
1.46, 1.17609, -1.46037, 3.51586
1.47, 1.16148, -1.47213, 3.51621
1.48, 1.14676, -1.48374, 3.51656
1.49, 1.13192, -1.49521, 3.51691
1.5, 1.11697, -1.50653, 3.51726
1.51, 1.10191, -1.5177, 3.51761
1.52, 1.08673, -1.52872, 3.51797
1.53, 1.07144, -1.53959, 3.51832
1.54, 1.05605, -1.5503, 3.51867
1.55, 1.04054, -1.56086, 3.51902
1.56, 1.02494, -1.57127, 3.51937
1.57, 1.00922, -1.58152, 3.51973
1.58, 0.993408, -1.59161, 3.52008
1.59, 0.977492, -1.60154, 3.52043
1.6, 0.961476, -1.61132, 3.52078
1.61, 0.945363, -1.62093, 3.52113
1.62, 0.929154, -1.63039, 3.52149
1.63, 0.91285, -1.63968, 3.52184
1.64, 0.896453, -1.64881, 3.52219
1.65, 0.879965, -1.65777, 3.52254
1.66, 0.863387, -1.66657, 3.52289
1.67, 0.846722, -1.6752, 3.52325
1.68, 0.82997, -1.68367, 3.5236
1.69, 0.813133, -1.69197, 3.52395
1.7, 0.796213, -1.7001, 3.5243
1.71, 0.779212, -1.70806, 3.52466
1.72, 0.762132, -1.71586, 3.52501
1.73, 0.744973, -1.72348, 3.52536
1.74, 0.727738, -1.73093, 3.52571
1.75, 0.710429, -1.73821, 3.52607
1.76, 0.693047, -1.74531, 3.52642
1.77, 0.675594, -1.75224, 3.52677
1.78, 0.658071, -1.759, 3.52712
1.79, 0.640481, -1.76558, 3.52748
1.8, 0.622826, -1.77198, 3.52783
1.81, 0.605106, -1.77821, 3.52818
1.82, 0.587324, -1.78426, 3.52854
1.83, 0.569481, -1.79013, 3.52889
1.84, 0.55158, -1.79583, 3.52924
1.85, 0.533622, -1.80134, 3.52959
1.86, 0.515608, -1.80668, 3.52995
1.87, 0.497541, -1.81184, 3.5303
1.88, 0.479423, -1.81681, 3.53065
1.89, 0.461255, -1.82161, 3.53101
1.9, 0.443039, -1.82622, 3.53136
1.91, 0.424777, -1.83065, 3.53171
1.92, 0.40647, -1.8349, 3.53207
1.93, 0.388121, -1.83896, 3.53242
1.94, 0.369731, -1.84284, 3.53277
1.95, 0.351303, -1.84654, 3.53313
1.96, 0.332838, -1.85005, 3.53348
1.97, 0.314337, -1.85338, 3.53383
1.98, 0.295803, -1.85653, 3.53419
1.99, 0.277238, -1.85948, 3.53454
2, 0.258643, -1.86226, 3.53489
2.01, 0.240021, -1.86484, 3.53525
2.02, 0.221372, -1.86724, 3.5356
2.03, 0.2027, -1.86946, 3.53595
2.04, 0.184005, -1.87148, 3.53631
2.05, 0.16529, -1.87332, 3.53666
2.06, 0.146557, -1.87498, 3.53701
2.07, 0.127807, -1.87644, 3.53737
2.08, 0.109043, -1.87772, 3.53772
2.09, 0.0902658, -1.87881, 3.53807
2.1, 0.0714777, -1.87971, 3.53843
2.11, 0.0526806, -1.88043, 3.53878
2.12, 0.0338763, -1.88095, 3.53914
2.13, 0.0150668, -1.88129, 3.53949
2.14, -0.00374614, -1.88144, 3.53984
2.15, -0.0225606, -1.88141, 3.5402
2.16, -0.0413746, -1.88118, 3.54055
2.17, -0.0601864, -1.88077, 3.54091
2.18, -0.0789941, -1.88016, 3.54126
2.19, -0.0977958, -1.87938, 3.54161
2.2, -0.11659, -1.8784, 3.54197
2.21, -0.135373, -1.87723, 3.54232
2.22, -0.154146, -1.87588, 3.54268
2.23, -0.172905, -1.87434, 3.54303
2.24, -0.191648, -1.87261, 3.54339
2.25, -0.210374, -1.87069, 3.54374
2.26, -0.229081, -1.86859, 3.54409
2.27, -0.247767, -1.8663, 3.54445
2.28, -0.26643, -1.86382, 3.5448
2.29, -0.285068, -1.86115, 3.54516
2.3, -0.303679, -1.8583, 3.54551
2.31, -0.322262, -1.85527, 3.54587
2.32, -0.340815, -1.85204, 3.54622
2.33, -0.359336, -1.84864, 3.54658
2.34, -0.377822, -1.84504, 3.54693
2.35, -0.396272, -1.84126, 3.54729
2.36, -0.414685, -1.8373, 3.54764
2.37, -0.433058, -1.83315, 3.54799
2.38, -0.45139, -1.82882, 3.54835
2.39, -0.469678, -1.82431, 3.5487
2.4, -0.487921, -1.81961, 3.54906
2.41, -0.506117, -1.81473, 3.54941
2.42, -0.524264, -1.80967, 3.54977
2.43, -0.542361, -1.80443, 3.55012
2.44, -0.560405, -1.79901, 3.55048
2.45, -0.578395, -1.7934, 3.55083
2.46, -0.596329, -1.78762, 3.55119
2.47, -0.614206, -1.78166, 3.55154
2.48, -0.632022, -1.77551, 3.5519
2.49, -0.649777, -1.76919, 3.55225
2.5, -0.667469, -1.7627, 3.55261
2.51, -0.685096, -1.75602, 3.55297
2.52, -0.702656, -1.74917, 3.55332
2.53, -0.720148, -1.74214, 3.55368
2.54, -0.73757, -1.73494, 3.55403
2.55, -0.754919, -1.72757, 3.55439
2.56, -0.772195, -1.72002, 3.55474
2.57, -0.789395, -1.71229, 3.5551
2.58, -0.806518, -1.7044, 3.55545
2.59, -0.823562, -1.69634, 3.55581
2.6, -0.840525, -1.6881, 3.55616
2.61, -0.857406, -1.67969, 3.55652
2.62, -0.874203, -1.67112, 3.55688
2.63, -0.890914, -1.66238, 3.55723
2.64, -0.907538, -1.65347, 3.55759
2.65, -0.924073, -1.64439, 3.55794
2.66, -0.940517, -1.63515, 3.5583
2.67, -0.956868, -1.62575, 3.55865
2.68, -0.973126, -1.61618, 3.55901
2.69, -0.989288, -1.60645, 3.55937
2.7, -1.00535, -1.59656, 3.55972
2.71, -1.02132, -1.5865, 3.56008
2.72, -1.03718, -1.57629, 3.56043
2.73, -1.05295, -1.56592, 3.56079
2.74, -1.0686, -1.55539, 3.56115
2.75, -1.08416, -1.5447, 3.5615
2.76, -1.09961, -1.53386, 3.56186
2.77, -1.11494, -1.52286, 3.56221
2.78, -1.13017, -1.51171, 3.56257
2.79, -1.14529, -1.50041, 3.56293
2.8, -1.16029, -1.48896, 3.56328
2.81, -1.17518, -1.47736, 3.56364
2.82, -1.18996, -1.4656, 3.564
2.83, -1.20461, -1.45371, 3.56435
2.84, -1.21915, -1.44166, 3.56471
2.85, -1.23357, -1.42947, 3.56507
2.86, -1.24786, -1.41713, 3.56542
2.87, -1.26203, -1.40465, 3.56578
2.88, -1.27608, -1.39203, 3.56613
2.89, -1.29, -1.37927, 3.56649
2.9, -1.30379, -1.36637, 3.56685
2.91, -1.31746, -1.35333, 3.5672
2.92, -1.33099, -1.34016, 3.56756
2.93, -1.34439, -1.32685, 3.56792
2.94, -1.35766, -1.31341, 3.56828
2.95, -1.37079, -1.29983, 3.56863
2.96, -1.38379, -1.28612, 3.56899
2.97, -1.39665, -1.27228, 3.56935
2.98, -1.40938, -1.25832, 3.5697
2.99, -1.42196, -1.24422, 3.57006
3, -1.4344, -1.23, 3.57042
3.01, -1.4467, -1.21566, 3.57077
3.02, -1.45886, -1.20119, 3.57113
3.03, -1.47087, -1.1866, 3.57149
3.04, -1.48274, -1.1719, 3.57184
3.05, -1.49446, -1.15707, 3.5722
3.06, -1.50603, -1.14212, 3.57256
3.07, -1.51745, -1.12706, 3.57292
3.08, -1.52872, -1.11189, 3.57327
3.09, -1.53984, -1.0966, 3.57363
3.1, -1.5508, -1.0812, 3.57399
3.11, -1.56161, -1.0657, 3.57435
3.12, -1.57227, -1.05008, 3.5747
3.13, -1.58277, -1.03436, 3.57506
3.14, -1.59312, -1.01853, 3.57542
3.15, -1.6033, -1.0026, 3.57578
3.16, -1.61333, -0.986564, 3.57613
3.17, -1.62319, -0.970431, 3.57649
3.18, -1.6329, -0.954199, 3.57685
3.19, -1.64244, -0.93787, 3.57721
3.2, -1.65182, -0.921446, 3.57756
3.21, -1.66103, -0.904928, 3.57792
3.22, -1.67008, -0.888317, 3.57828
3.23, -1.67896, -0.871617, 3.57864
3.24, -1.68768, -0.854827, 3.579
3.25, -1.69623, -0.83795, 3.57935
3.26, -1.70461, -0.820988, 3.57971
3.27, -1.71282, -0.803942, 3.58007
3.28, -1.72086, -0.786814, 3.58043
3.29, -1.72873, -0.769605, 3.58079
3.3, -1.73642, -0.752318, 3.58114
3.31, -1.74395, -0.734953, 3.5815
3.32, -1.75129, -0.717514, 3.58186
3.33, -1.75847, -0.700001, 3.58222
3.34, -1.76547, -0.682416, 3.58258
3.35, -1.77229, -0.664762, 3.58293
3.36, -1.77894, -0.647039, 3.58329
3.37, -1.78541, -0.629249, 3.58365
3.38, -1.7917, -0.611395, 3.58401
3.39, -1.79782, -0.593478, 3.58437
3.4, -1.80375, -0.5755, 3.58473
3.41, -1.80951, -0.557462, 3.58508
3.42, -1.81508, -0.539367, 3.58544
3.43, -1.82048, -0.521217, 3.5858
3.44, -1.82569, -0.503012, 3.58616
3.45, -1.83072, -0.484755, 3.58652
3.46, -1.83557, -0.466448, 3.58688
3.47, -1.84023, -0.448092, 3.58724
3.48, -1.84471, -0.42969, 3.58759
3.49, -1.84901, -0.411243, 3.58795
3.5, -1.85312, -0.392752, 3.58831
3.51, -1.85705, -0.374221, 3.58867
3.52, -1.86079, -0.355651, 3.58903
3.53, -1.86435, -0.337043, 3.58939
3.54, -1.86772, -0.318399, 3.58975
3.55, -1.8709, -0.299722, 3.59011
3.56, -1.8739, -0.281013, 3.59047
3.57, -1.87671, -0.262274, 3.59083
3.58, -1.87933, -0.243507, 3.59118
3.59, -1.88177, -0.224714, 3.59154
3.6, -1.88401, -0.205896, 3.5919
3.61, -1.88607, -0.187056, 3.59226
3.62, -1.88794, -0.168195, 3.59262
3.63, -1.88963, -0.149316, 3.59298
3.64, -1.89112, -0.13042, 3.59334
3.65, -1.89242, -0.111508, 3.5937
3.66, -1.89354, -0.0925842, 3.59406
3.67, -1.89446, -0.0736488, 3.59442
3.68, -1.8952, -0.0547042, 3.59478
3.69, -1.89575, -0.0357521, 3.59514
3.7, -1.8961, -0.0167947, 3.5955
3.71, -1.89627, 0.00216638, 3.59586
3.72, -1.89625, 0.0211291, 3.59622
3.73, -1.89604, 0.0400916, 3.59657
3.74, -1.89564, 0.059052, 3.59693
3.75, -1.89505, 0.0780084, 3.59729
3.76, -1.89427, 0.0969589, 3.59765
3.77, -1.8933, 0.115902, 3.59801
3.78, -1.89214, 0.134835, 3.59837
3.79, -1.89079, 0.153756, 3.59873
3.8, -1.88925, 0.172664, 3.59909
3.81, -1.88753, 0.191556, 3.59945
3.82, -1.88561, 0.210432, 3.59981
3.83, -1.88351, 0.229288, 3.60017
3.84, -1.88121, 0.248123, 3.60053
3.85, -1.87873, 0.266935, 3.60089
3.86, -1.87606, 0.285722, 3.60125
3.87, -1.87321, 0.304483, 3.60161
3.88, -1.87016, 0.323215, 3.60197
3.89, -1.86693, 0.341917, 3.60233
3.9, -1.86351, 0.360586, 3.60269
3.91, -1.8599, 0.379221, 3.60305
3.92, -1.85611, 0.39782, 3.60341
3.93, -1.85213, 0.416381, 3.60377
3.94, -1.84797, 0.434903, 3.60414
3.95, -1.84362, 0.453382, 3.6045
3.96, -1.83909, 0.471819, 3.60486
3.97, -1.83437, 0.490209, 3.60522
3.98, -1.82947, 0.508553, 3.60558
3.99, -1.82438, 0.526848, 3.60594
4, -1.81911, 0.545092, 3.6063
4.01, -1.81366, 0.563283, 3.60666
4.02, -1.80803, 0.581419, 3.60702
4.03, -1.80222, 0.5995, 3.60738
4.04, -1.79622, 0.617522, 3.60774
4.05, -1.79005, 0.635484, 3.6081
4.06, -1.78369, 0.653384, 3.60846
4.07, -1.77716, 0.671221, 3.60882
4.08, -1.77044, 0.688993, 3.60918
4.09, -1.76355, 0.706697, 3.60955
4.1, -1.75649, 0.724333, 3.60991
4.11, -1.74924, 0.741898, 3.61027
4.12, -1.74183, 0.75939, 3.61063
4.13, -1.73423, 0.776808, 3.61099
4.14, -1.72646, 0.794151, 3.61135
4.15, -1.71852, 0.811415, 3.61171
4.16, -1.71041, 0.828601, 3.61207
4.17, -1.70212, 0.845705, 3.61243
4.18, -1.69366, 0.862726, 3.61279
4.19, -1.68504, 0.879663, 3.61316
4.2, -1.67624, 0.896513, 3.61352
4.21, -1.66728, 0.913275, 3.61388
4.22, -1.65814, 0.929948, 3.61424
4.23, -1.64884, 0.946529, 3.6146
4.24, -1.63938, 0.963018, 3.61496
4.25, -1.62975, 0.979412, 3.61532
4.26, -1.61995, 0.995709, 3.61569
4.27, -1.61, 1.01191, 3.61605
4.28, -1.59988, 1.02801, 3.61641
4.29, -1.5896, 1.04401, 3.61677
4.3, -1.57916, 1.0599, 3.61713
4.31, -1.56856, 1.07569, 3.61749
4.32, -1.5578, 1.09138, 3.61786
4.33, -1.54689, 1.10696, 3.61822
4.34, -1.53582, 1.12243, 3.61858
4.35, -1.52459, 1.13779, 3.61894
4.36, -1.51322, 1.15303, 3.6193
4.37, -1.50169, 1.16816, 3.61967
4.38, -1.49, 1.18318, 3.62003
4.39, -1.47817, 1.19808, 3.62039
4.4, -1.46619, 1.21286, 3.62075
4.41, -1.45406, 1.22752, 3.62111
4.42, -1.44179, 1.24206, 3.62148
4.43, -1.42937, 1.25648, 3.62184
4.44, -1.4168, 1.27078, 3.6222
4.45, -1.40409, 1.28494, 3.62256
4.46, -1.39124, 1.29899, 3.62292
4.47, -1.37825, 1.3129, 3.62329
4.48, -1.36513, 1.32668, 3.62365
4.49, -1.35186, 1.34033, 3.62401
4.5, -1.33846, 1.35385, 3.62437
4.51, -1.32492, 1.36723, 3.62474
4.52, -1.31124, 1.38048, 3.6251
4.53, -1.29744, 1.3936, 3.62546
4.54, -1.2835, 1.40657, 3.62582
4.55, -1.26944, 1.41941, 3.62619
4.56, -1.25524, 1.4321, 3.62655
4.57, -1.24092, 1.44465, 3.62691
4.58, -1.22648, 1.45706, 3.62727
4.59, -1.21191, 1.46933, 3.62764
4.6, -1.19721, 1.48145, 3.628
4.61, -1.1824, 1.49342, 3.62836
4.62, -1.16746, 1.50524, 3.62873
4.63, -1.15241, 1.51692, 3.62909
4.64, -1.13724, 1.52844, 3.62945
4.65, -1.12196, 1.53981, 3.62981
4.66, -1.10656, 1.55103, 3.63018
4.67, -1.09105, 1.5621, 3.63054
4.68, -1.07543, 1.57301, 3.6309
4.69, -1.0597, 1.58376, 3.63127
4.7, -1.04386, 1.59436, 3.63163
4.71, -1.02792, 1.6048, 3.63199
4.72, -1.01187, 1.61508, 3.63236
4.73, -0.995719, 1.6252, 3.63272
4.74, -0.979467, 1.63515, 3.63308
4.75, -0.963115, 1.64495, 3.63345
4.76, -0.946666, 1.65458, 3.63381
4.77, -0.93012, 1.66405, 3.63417
4.78, -0.913479, 1.67335, 3.63454
4.79, -0.896746, 1.68248, 3.6349
4.8, -0.879921, 1.69145, 3.63526
4.81, -0.863007, 1.70025, 3.63563
4.82, -0.846004, 1.70888, 3.63599
4.83, -0.828915, 1.71734, 3.63635
4.84, -0.811742, 1.72563, 3.63672
4.85, -0.794486, 1.73375, 3.63708
4.86, -0.777148, 1.74169, 3.63744
4.87, -0.759731, 1.74946, 3.63781
4.88, -0.742237, 1.75706, 3.63817
4.89, -0.724666, 1.76448, 3.63854
4.9, -0.707021, 1.77173, 3.6389
4.91, -0.689304, 1.7788, 3.63926
4.92, -0.671516, 1.78569, 3.63963
4.93, -0.653659, 1.79241, 3.63999
4.94, -0.635735, 1.79894, 3.64036
4.95, -0.617746, 1.8053, 3.64072
4.96, -0.599693, 1.81148, 3.64108
4.97, -0.581578, 1.81747, 3.64145
4.98, -0.563403, 1.82329, 3.64181
4.99, -0.54517, 1.82892, 3.64218
5, -0.526881, 1.83438, 3.64254
5.01, -0.508537, 1.83965, 3.6429
5.02, -0.490141, 1.84473, 3.64327
5.03, -0.471693, 1.84963, 3.64363
5.04, -0.453197, 1.85435, 3.644
5.05, -0.434654, 1.85888, 3.64436
5.06, -0.416065, 1.86323, 3.64473
5.07, -0.397432, 1.86739, 3.64509
5.08, -0.378759, 1.87136, 3.64546
5.09, -0.360045, 1.87515, 3.64582
5.1, -0.341293, 1.87875, 3.64618
5.11, -0.322506, 1.88216, 3.64655
5.12, -0.303684, 1.88539, 3.64691
5.13, -0.28483, 1.88843, 3.64728
5.14, -0.265946, 1.89127, 3.64764
5.15, -0.247033, 1.89393, 3.64801
5.16, -0.228094, 1.8964, 3.64837
5.17, -0.20913, 1.89868, 3.64874
5.18, -0.190143, 1.90078, 3.6491
5.19, -0.171136, 1.90268, 3.64947
5.2, -0.152109, 1.90439, 3.64983
5.21, -0.133065, 1.90591, 3.6502
5.22, -0.114006, 1.90724, 3.65056
5.23, -0.0949334, 1.90838, 3.65093
5.24, -0.0758496, 1.90933, 3.65129
5.25, -0.0567563, 1.91009, 3.65166
5.26, -0.0376554, 1.91066, 3.65202
5.27, -0.0185488, 1.91103, 3.65239
5.28, 0.00056148, 1.91122, 3.65275
5.29, 0.0196737, 1.91121, 3.65312
5.3, 0.0387858, 1.91102, 3.65348
5.31, 0.0578959, 1.91063, 3.65385
5.32, 0.0770022, 1.91005, 3.65421
5.33, 0.0961027, 1.90928, 3.65458
5.34, 0.115195, 1.90832, 3.65495
5.35, 0.134279, 1.90717, 3.65531
5.36, 0.15335, 1.90582, 3.65568
5.37, 0.172409, 1.90429, 3.65604
5.38, 0.191451, 1.90257, 3.65641
5.39, 0.210477, 1.90065, 3.65677
5.4, 0.229484, 1.89855, 3.65714
5.41, 0.248469, 1.89625, 3.6575
5.42, 0.267432, 1.89377, 3.65787
5.43, 0.286369, 1.89109, 3.65824
5.44, 0.30528, 1.88823, 3.6586
5.45, 0.324162, 1.88518, 3.65897
5.46, 0.343014, 1.88193, 3.65933
5.47, 0.361833, 1.8785, 3.6597
5.48, 0.380619, 1.87489, 3.66007
5.49, 0.399367, 1.87108, 3.66043
5.5, 0.418078, 1.86709, 3.6608
5.51, 0.436749, 1.8629, 3.66116
5.52, 0.455378, 1.85854, 3.66153
5.53, 0.473963, 1.85398, 3.6619
5.54, 0.492503, 1.84924, 3.66226
5.55, 0.510996, 1.84432, 3.66263
5.56, 0.529439, 1.83921, 3.66299
5.57, 0.547831, 1.83391, 3.66336
5.58, 0.56617, 1.82844, 3.66373
5.59, 0.584455, 1.82277, 3.66409
5.6, 0.602682, 1.81693, 3.66446
5.61, 0.620852, 1.8109, 3.66483
5.62, 0.638961, 1.80469, 3.66519
5.63, 0.657008, 1.7983, 3.66556
5.64, 0.674991, 1.79173, 3.66593
5.65, 0.692908, 1.78498, 3.66629
5.66, 0.710758, 1.77806, 3.66666
5.67, 0.728538, 1.77095, 3.66703
5.68, 0.746248, 1.76366, 3.66739
5.69, 0.763884, 1.7562, 3.66776
5.7, 0.781446, 1.74856, 3.66813
5.71, 0.798932, 1.74075, 3.66849
5.72, 0.81634, 1.73276, 3.66886
5.73, 0.833667, 1.72459, 3.66923
5.74, 0.850913, 1.71626, 3.66959
5.75, 0.868076, 1.70775, 3.66996
5.76, 0.885153, 1.69907, 3.67033
5.77, 0.902144, 1.69022, 3.67069
5.78, 0.919046, 1.68119, 3.67106
5.79, 0.935858, 1.672, 3.67143
5.8, 0.952578, 1.66265, 3.6718
5.81, 0.969204, 1.65312, 3.67216
5.82, 0.985736, 1.64343, 3.67253
5.83, 1.00217, 1.63357, 3.6729
5.84, 1.01851, 1.62355, 3.67326
5.85, 1.03474, 1.61336, 3.67363
5.86, 1.05087, 1.60302, 3.674
5.87, 1.0669, 1.59251, 3.67437
5.88, 1.08283, 1.58184, 3.67473
5.89, 1.09865, 1.57101, 3.6751
5.9, 1.11436, 1.56002, 3.67547
5.91, 1.12996, 1.54888, 3.67584
5.92, 1.14545, 1.53758, 3.6762
5.93, 1.16082, 1.52613, 3.67657
5.94, 1.17608, 1.51452, 3.67694
5.95, 1.19123, 1.50276, 3.67731
5.96, 1.20626, 1.49084, 3.67768
5.97, 1.22117, 1.47878, 3.67804
5.98, 1.23595, 1.46657, 3.67841
5.99, 1.25062, 1.45421, 3.67878
6, 1.26516, 1.4417, 3.67915
6.01, 1.27958, 1.42905, 3.67951
6.02, 1.29387, 1.41626, 3.67988
6.03, 1.30803, 1.40332, 3.68025
6.04, 1.32206, 1.39024, 3.68062
6.05, 1.33597, 1.37702, 3.68099
6.06, 1.34974, 1.36366, 3.68135
6.07, 1.36337, 1.35016, 3.68172
6.08, 1.37688, 1.33653, 3.68209
6.09, 1.39024, 1.32276, 3.68246
6.1, 1.40347, 1.30886, 3.68283
6.11, 1.41656, 1.29482, 3.6832
6.12, 1.42951, 1.28066, 3.68356
6.13, 1.44231, 1.26636, 3.68393
6.14, 1.45498, 1.25194, 3.6843
6.15, 1.46749, 1.23739, 3.68467
6.16, 1.47987, 1.22271, 3.68504
6.17, 1.4921, 1.20791, 3.68541
6.18, 1.50417, 1.19299, 3.68577
6.19, 1.5161, 1.17795, 3.68614
6.2, 1.52788, 1.16279, 3.68651
6.21, 1.53951, 1.14751, 3.68688
6.22, 1.55099, 1.13212, 3.68725
6.23, 1.56231, 1.11661, 3.68762
6.24, 1.57347, 1.10098, 3.68799
6.25, 1.58448, 1.08525, 3.68836
6.26, 1.59534, 1.0694, 3.68872
6.27, 1.60603, 1.05345, 3.68909
6.28, 1.61657, 1.03739, 3.68946
6.29, 1.62694, 1.02122, 3.68983
6.3, 1.63715, 1.00496, 3.6902
6.31, 1.6472, 0.988584, 3.69057
6.32, 1.65709, 0.972112, 3.69094
6.33, 1.66681, 0.955541, 3.69131
6.34, 1.67636, 0.938873, 3.69168
6.35, 1.68575, 0.922109, 3.69205
6.36, 1.69497, 0.905251, 3.69241
6.37, 1.70403, 0.888302, 3.69278
6.38, 1.71291, 0.871261, 3.69315
6.39, 1.72162, 0.854132, 3.69352
6.4, 1.73016, 0.836916, 3.69389
6.41, 1.73853, 0.819615, 3.69426
6.42, 1.74673, 0.802229, 3.69463
6.43, 1.75475, 0.784762, 3.695
6.44, 1.7626, 0.767214, 3.69537
6.45, 1.77027, 0.749588, 3.69574
6.46, 1.77777, 0.731886, 3.69611
6.47, 1.78508, 0.714108, 3.69648
6.48, 1.79223, 0.696257, 3.69685
6.49, 1.79919, 0.678335, 3.69722
6.5, 1.80597, 0.660343, 3.69759
6.51, 1.81258, 0.642283, 3.69796
6.52, 1.819, 0.624158, 3.69833
6.53, 1.82524, 0.605968, 3.6987
6.54, 1.8313, 0.587715, 3.69907
6.55, 1.83718, 0.569402, 3.69944
6.56, 1.84287, 0.551031, 3.69981
6.57, 1.84838, 0.532602, 3.70018
6.58, 1.85371, 0.514118, 3.70055
6.59, 1.85885, 0.495581, 3.70092
6.6, 1.8638, 0.476992, 3.70129
6.61, 1.86857, 0.458354, 3.70166
6.62, 1.87316, 0.439669, 3.70203
6.63, 1.87755, 0.420937, 3.7024
6.64, 1.88176, 0.402162, 3.70277
6.65, 1.88578, 0.383344, 3.70314
6.66, 1.88962, 0.364486, 3.70351
6.67, 1.89326, 0.34559, 3.70388
6.68, 1.89672, 0.326657, 3.70425
6.69, 1.89999, 0.30769, 3.70462
6.7, 1.90306, 0.28869, 3.70499
6.71, 1.90595, 0.26966, 3.70536
6.72, 1.90865, 0.2506, 3.70573
6.73, 1.91115, 0.231514, 3.7061
6.74, 1.91347, 0.212402, 3.70647
6.75, 1.91559, 0.193267, 3.70684
6.76, 1.91752, 0.174112, 3.70721
6.77, 1.91927, 0.154936, 3.70758
6.78, 1.92081, 0.135744, 3.70795
6.79, 1.92217, 0.116536, 3.70833
6.8, 1.92334, 0.0973138, 3.7087
6.81, 1.92431, 0.0780804, 3.70907
6.82, 1.92509, 0.0588373, 3.70944
6.83, 1.92568, 0.0395864, 3.70981
6.84, 1.92608, 0.0203296, 3.71018
6.85, 1.92628, 0.00106885, 3.71055
6.86, 1.92629, -0.0181939, 3.71092
6.87, 1.92611, -0.0374568, 3.71129
6.88, 1.92573, -0.0567179, 3.71166
6.89, 1.92517, -0.0759752, 3.71204
6.9, 1.92441, -0.0952269, 3.71241
6.91, 1.92345, -0.114471, 3.71278
6.92, 1.92231, -0.133705, 3.71315
6.93, 1.92097, -0.152929, 3.71352
6.94, 1.91944, -0.172138, 3.71389
6.95, 1.91772, -0.191333, 3.71426
6.96, 1.91581, -0.21051, 3.71463
6.97, 1.9137, -0.229668, 3.71501
6.98, 1.91141, -0.248805, 3.71538
6.99, 1.90892, -0.267919, 3.71575
7, 1.90624, -0.287008, 3.71612
7.01, 1.90337, -0.306071, 3.71649
7.02, 1.90031, -0.325104, 3.71686
7.03, 1.89706, -0.344107, 3.71724
7.04, 1.89362, -0.363078, 3.71761
7.05, 1.88999, -0.382014, 3.71798
7.06, 1.88617, -0.400914, 3.71835
7.07, 1.88216, -0.419776, 3.71872
7.08, 1.87796, -0.438597, 3.71909
7.09, 1.87357, -0.457377, 3.71947
7.1, 1.869, -0.476113, 3.71984
7.11, 1.86424, -0.494803, 3.72021
7.12, 1.85929, -0.513445, 3.72058
7.13, 1.85415, -0.532038, 3.72095
7.14, 1.84883, -0.550579, 3.72133
7.15, 1.84333, -0.569068, 3.7217
7.16, 1.83764, -0.587501, 3.72207
7.17, 1.83176, -0.605877, 3.72244
7.18, 1.8257, -0.624195, 3.72282
7.19, 1.81946, -0.642452, 3.72319
7.2, 1.81304, -0.660647, 3.72356
7.21, 1.80643, -0.678777, 3.72393
7.22, 1.79964, -0.696841, 3.7243
7.23, 1.79268, -0.714838, 3.72468
7.24, 1.78553, -0.732765, 3.72505
7.25, 1.7782, -0.75062, 3.72542
7.26, 1.77069, -0.768402, 3.72579
7.27, 1.76301, -0.786109, 3.72617
7.28, 1.75515, -0.803739, 3.72654
7.29, 1.74711, -0.82129, 3.72691
7.3, 1.7389, -0.838761, 3.72729
7.31, 1.73051, -0.85615, 3.72766
7.32, 1.72195, -0.873455, 3.72803
7.33, 1.71321, -0.890675, 3.7284
7.34, 1.70431, -0.907807, 3.72878
7.35, 1.69523, -0.92485, 3.72915
7.36, 1.68598, -0.941802, 3.72952
7.37, 1.67656, -0.958662, 3.7299
7.38, 1.66698, -0.975428, 3.73027
7.39, 1.65722, -0.992098, 3.73064
7.4, 1.6473, -1.00867, 3.73101
7.41, 1.63721, -1.02514, 3.73139
7.42, 1.62696, -1.04151, 3.73176
7.43, 1.61655, -1.05778, 3.73213
7.44, 1.60597, -1.07395, 3.73251
7.45, 1.59523, -1.09001, 3.73288
7.46, 1.58433, -1.10596, 3.73325
7.47, 1.57327, -1.12181, 3.73363
7.48, 1.56205, -1.13754, 3.734
7.49, 1.55068, -1.15316, 3.73437
7.5, 1.53915, -1.16867, 3.73475
7.51, 1.52746, -1.18406, 3.73512
7.52, 1.51562, -1.19933, 3.73549
7.53, 1.50362, -1.21449, 3.73587
7.54, 1.49148, -1.22952, 3.73624
7.55, 1.47918, -1.24444, 3.73661
7.56, 1.46674, -1.25923, 3.73699
7.57, 1.45415, -1.2739, 3.73736
7.58, 1.44141, -1.28844, 3.73774
7.59, 1.42852, -1.30285, 3.73811
7.6, 1.4155, -1.31714, 3.73848
7.61, 1.40232, -1.33129, 3.73886
7.62, 1.38901, -1.34532, 3.73923
7.63, 1.37556, -1.35921, 3.7396
7.64, 1.36197, -1.37296, 3.73998
7.65, 1.34824, -1.38658, 3.74035
7.66, 1.33437, -1.40006, 3.74073
7.67, 1.32037, -1.41341, 3.7411
7.68, 1.30624, -1.42661, 3.74148
7.69, 1.29197, -1.43967, 3.74185
7.7, 1.27757, -1.45259, 3.74222
7.71, 1.26305, -1.46537, 3.7426
7.72, 1.24839, -1.478, 3.74297
7.73, 1.23361, -1.49048, 3.74335
7.74, 1.21871, -1.50282, 3.74372
7.75, 1.20368, -1.51501, 3.74409
7.76, 1.18853, -1.52704, 3.74447
7.77, 1.17326, -1.53893, 3.74484
7.78, 1.15787, -1.55066, 3.74522
7.79, 1.14236, -1.56224, 3.74559
7.8, 1.12674, -1.57366, 3.74597
7.81, 1.11101, -1.58493, 3.74634
7.82, 1.09516, -1.59604, 3.74672
7.83, 1.0792, -1.60699, 3.74709
7.84, 1.06313, -1.61779, 3.74747
7.85, 1.04695, -1.62842, 3.74784
7.86, 1.03066, -1.63889, 3.74822
7.87, 1.01427, -1.64919, 3.74859
7.88, 0.997783, -1.65934, 3.74897
7.89, 0.981189, -1.66931, 3.74934
7.9, 0.964496, -1.67913, 3.74971
7.91, 0.947705, -1.68877, 3.75009
7.92, 0.930817, -1.69825, 3.75046
7.93, 0.913835, -1.70756, 3.75084
7.94, 0.896759, -1.71669, 3.75122
7.95, 0.879592, -1.72566, 3.75159
7.96, 0.862336, -1.73446, 3.75197
7.97, 0.844991, -1.74308, 3.75234
7.98, 0.82756, -1.75153, 3.75272
7.99, 0.810045, -1.75981, 3.75309
8, 0.792447, -1.76791, 3.75347
8.01, 0.774768, -1.77583, 3.75384
8.02, 0.75701, -1.78358, 3.75422
8.03, 0.739174, -1.79115, 3.75459
8.04, 0.721262, -1.79854, 3.75497
8.05, 0.703277, -1.80575, 3.75534
8.06, 0.685219, -1.81279, 3.75572
8.07, 0.667091, -1.81964, 3.75609
8.08, 0.648895, -1.82631, 3.75647
8.09, 0.630632, -1.8328, 3.75685
8.1, 0.612304, -1.8391, 3.75722
8.11, 0.593913, -1.84523, 3.7576
8.12, 0.575461, -1.85117, 3.75797
8.13, 0.556949, -1.85692, 3.75835
8.14, 0.53838, -1.86249, 3.75872
8.15, 0.519755, -1.86787, 3.7591
8.16, 0.501076, -1.87307, 3.75948
8.17, 0.482345, -1.87808, 3.75985
8.18, 0.463565, -1.88291, 3.76023
8.19, 0.444736, -1.88754, 3.7606
8.2, 0.42586, -1.89199, 3.76098
8.21, 0.40694, -1.89625, 3.76136
8.22, 0.387978, -1.90032, 3.76173
8.23, 0.368975, -1.9042, 3.76211
8.24, 0.349933, -1.90789, 3.76249
8.25, 0.330854, -1.91139, 3.76286
8.26, 0.31174, -1.91469, 3.76324
8.27, 0.292593, -1.91781, 3.76361
8.28, 0.273415, -1.92074, 3.76399
8.29, 0.254207, -1.92347, 3.76437
8.3, 0.234973, -1.92601, 3.76474
8.31, 0.215713, -1.92836, 3.76512
8.32, 0.196429, -1.93052, 3.7655
8.33, 0.177124, -1.93249, 3.76587
8.34, 0.157799, -1.93426, 3.76625
8.35, 0.138456, -1.93583, 3.76663
8.36, 0.119098, -1.93722, 3.767
8.37, 0.0997257, -1.93841, 3.76738
8.38, 0.0803416, -1.93941, 3.76776
8.39, 0.0609476, -1.94021, 3.76813
8.4, 0.0415455, -1.94082, 3.76851
8.41, 0.0221373, -1.94124, 3.76889
8.42, 0.0027249, -1.94146, 3.76926
8.43, -0.0166897, -1.94148, 3.76964
8.44, -0.0361045, -1.94132, 3.77002
8.45, -0.0555177, -1.94096, 3.77039
8.46, -0.0749273, -1.9404, 3.77077
8.47, -0.0943313, -1.93965, 3.77115
8.48, -0.113728, -1.93871, 3.77153
8.49, -0.133115, -1.93757, 3.7719
8.5, -0.152491, -1.93624, 3.77228
8.51, -0.171853, -1.93472, 3.77266
8.52, -0.1912, -1.933, 3.77303
8.53, -0.21053, -1.93108, 3.77341
8.54, -0.229841, -1.92898, 3.77379
8.55, -0.249131, -1.92668, 3.77417
8.56, -0.268398, -1.92419, 3.77454
8.57, -0.287639, -1.92151, 3.77492
8.58, -0.306855, -1.91863, 3.7753
8.59, -0.326041, -1.91556, 3.77568
8.6, -0.345196, -1.9123, 3.77605
8.61, -0.364319, -1.90885, 3.77643
8.62, -0.383408, -1.90521, 3.77681
8.63, -0.40246, -1.90137, 3.77719
8.64, -0.421474, -1.89735, 3.77756
8.65, -0.440447, -1.89313, 3.77794
8.66, -0.459378, -1.88873, 3.77832
8.67, -0.478266, -1.88413, 3.7787
8.68, -0.497107, -1.87935, 3.77908
8.69, -0.515901, -1.87438, 3.77945
8.7, -0.534644, -1.86922, 3.77983
8.71, -0.553337, -1.86387, 3.78021
8.72, -0.571975, -1.85834, 3.78059
8.73, -0.590559, -1.85262, 3.78097
8.74, -0.609085, -1.84672, 3.78134
8.75, -0.627552, -1.84062, 3.78172
8.76, -0.645958, -1.83435, 3.7821
8.77, -0.664302, -1.82789, 3.78248
8.78, -0.682581, -1.82125, 3.78286
8.79, -0.700793, -1.81442, 3.78323
8.8, -0.718937, -1.80741, 3.78361
8.81, -0.737012, -1.80022, 3.78399
8.82, -0.755014, -1.79285, 3.78437
8.83, -0.772942, -1.7853, 3.78475
8.84, -0.790795, -1.77757, 3.78513
8.85, -0.808571, -1.76967, 3.78551
8.86, -0.826268, -1.76158, 3.78588
8.87, -0.843884, -1.75332, 3.78626
8.88, -0.861417, -1.74488, 3.78664
8.89, -0.878866, -1.73626, 3.78702
8.9, -0.896228, -1.72748, 3.7874
8.91, -0.913503, -1.71851, 3.78778
8.92, -0.930688, -1.70938, 3.78816
8.93, -0.947782, -1.70007, 3.78853
8.94, -0.964783, -1.69059, 3.78891
8.95, -0.981689, -1.68095, 3.78929
8.96, -0.998498, -1.67113, 3.78967
8.97, -1.01521, -1.66114, 3.79005
8.98, -1.03182, -1.65099, 3.79043
8.99, -1.04833, -1.64067, 3.79081
9, -1.06474, -1.63019, 3.79119
9.01, -1.08104, -1.61954, 3.79157
9.02, -1.09723, -1.60873, 3.79195
9.03, -1.11332, -1.59776, 3.79232
9.04, -1.1293, -1.58663, 3.7927
9.05, -1.14517, -1.57533, 3.79308
9.06, -1.16092, -1.56388, 3.79346
9.07, -1.17656, -1.55227, 3.79384
9.08, -1.19208, -1.54051, 3.79422
9.09, -1.20749, -1.52859, 3.7946
9.1, -1.22277, -1.51651, 3.79498
9.11, -1.23794, -1.50428, 3.79536
9.12, -1.25298, -1.49191, 3.79574
9.13, -1.2679, -1.47938, 3.79612
9.14, -1.28269, -1.4667, 3.7965
9.15, -1.29736, -1.45387, 3.79688
9.16, -1.3119, -1.4409, 3.79726
9.17, -1.32631, -1.42778, 3.79764
9.18, -1.34058, -1.41451, 3.79802
9.19, -1.35473, -1.40111, 3.7984
9.2, -1.36874, -1.38756, 3.79878
9.21, -1.38262, -1.37387, 3.79916
9.22, -1.39636, -1.36005, 3.79954
9.23, -1.40996, -1.34608, 3.79992
9.24, -1.42342, -1.33198, 3.8003
9.25, -1.43674, -1.31775, 3.80068
9.26, -1.44991, -1.30338, 3.80106
9.27, -1.46295, -1.28888, 3.80144
9.28, -1.47584, -1.27425, 3.80182
9.29, -1.48858, -1.2595, 3.8022
9.3, -1.50117, -1.24461, 3.80258
9.31, -1.51362, -1.2296, 3.80296
9.32, -1.52592, -1.21446, 3.80334
9.33, -1.53806, -1.1992, 3.80372
9.34, -1.55005, -1.18382, 3.8041
9.35, -1.56189, -1.16832, 3.80448
9.36, -1.57357, -1.1527, 3.80486
9.37, -1.5851, -1.13697, 3.80524
9.38, -1.59647, -1.12112, 3.80562
9.39, -1.60768, -1.10515, 3.806
9.4, -1.61873, -1.08907, 3.80638
9.41, -1.62962, -1.07289, 3.80676
9.42, -1.64035, -1.05659, 3.80714
9.43, -1.65092, -1.04019, 3.80752
9.44, -1.66132, -1.02368, 3.8079
9.45, -1.67156, -1.00706, 3.80829
9.46, -1.68163, -0.990349, 3.80867
9.47, -1.69153, -0.973533, 3.80905
9.48, -1.70127, -0.956617, 3.80943
9.49, -1.71083, -0.939605, 3.80981
9.5, -1.72023, -0.922496, 3.81019
9.51, -1.72945, -0.905294, 3.81057
9.52, -1.73851, -0.888, 3.81095
9.53, -1.74739, -0.870615, 3.81133
9.54, -1.75609, -0.853141, 3.81171
9.55, -1.76463, -0.83558, 3.8121
9.56, -1.77298, -0.817933, 3.81248
9.57, -1.78116, -0.800204, 3.81286
9.58, -1.78916, -0.782392, 3.81324
9.59, -1.79699, -0.7645, 3.81362
9.6, -1.80463, -0.746531, 3.814
9.61, -1.8121, -0.728484, 3.81438
9.62, -1.81938, -0.710363, 3.81476
9.63, -1.82649, -0.692169, 3.81515
9.64, -1.83341, -0.673905, 3.81553
9.65, -1.84015, -0.655571, 3.81591
9.66, -1.8467, -0.637169, 3.81629
9.67, -1.85307, -0.618702, 3.81667
9.68, -1.85926, -0.600171, 3.81705
9.69, -1.86526, -0.581579, 3.81744
9.7, -1.87108, -0.562926, 3.81782
9.71, -1.87671, -0.544215, 3.8182
9.72, -1.88215, -0.525448, 3.81858
9.73, -1.8874, -0.506627, 3.81896
9.74, -1.89247, -0.487753, 3.81934
9.75, -1.89735, -0.468828, 3.81973
9.76, -1.90204, -0.449855, 3.82011
9.77, -1.90653, -0.430834, 3.82049
9.78, -1.91084, -0.411769, 3.82087
9.79, -1.91496, -0.39266, 3.82125
9.8, -1.91889, -0.373511, 3.82164
9.81, -1.92262, -0.354322, 3.82202
9.82, -1.92617, -0.335096, 3.8224
9.83, -1.92952, -0.315834, 3.82278
9.84, -1.93267, -0.296539, 3.82317
9.85, -1.93564, -0.277212, 3.82355
9.86, -1.93841, -0.257856, 3.82393
9.87, -1.94099, -0.238472, 3.82431
9.88, -1.94338, -0.219062, 3.8247
9.89, -1.94557, -0.199628, 3.82508
9.9, -1.94756, -0.180172, 3.82546
9.91, -1.94936, -0.160697, 3.82584
9.92, -1.95097, -0.141203, 3.82623
9.93, -1.95238, -0.121693, 3.82661
9.94, -1.9536, -0.10217, 3.82699
9.95, -1.95462, -0.0826336, 3.82737
9.96, -1.95545, -0.0630874, 3.82776
9.97, -1.95608, -0.0435329, 3.82814
9.98, -1.95651, -0.0239721, 3.82852
9.99, -1.95675, -0.00440699, 3.8289
10, -1.9568, 0.0151605, 3.82929
